study,tag,result_path,excerpt_path,agent_verdict,agent_answer,llm_judge_verdict,your_grade,notes
study5,1996_B2__false__forced_reflection__r1,/Users/silveregangloff/Desktop/graphical-reasoning/experiments/false_claim/results/1996_B2__false__forced_reflection__r1,/Users/silveregangloff/Desktop/graphical-reasoning/experiments/false_claim/results/1996_B2__false__forced_reflection__r1/prompt.md,incorrect,((2n-1)/e)^{(2n-1)/2} < 1·3·5···(2n-1) < ((2n+1)/e)^{(2n+1)/2}  (the two bounds in the claim are swapped),,,
study5,1991_A5__false__forced_visual__r1,/Users/silveregangloff/Desktop/graphical-reasoning/experiments/false_claim/results/1991_A5__false__forced_visual__r1,/Users/silveregangloff/Desktop/graphical-reasoning/experiments/false_claim/results/1991_A5__false__forced_visual__r1/prompt.md,incorrect,1/3,,,
study5,1985_B5__true__forced_textual__r1,/Users/silveregangloff/Desktop/graphical-reasoning/experiments/false_claim/results/1985_B5__true__forced_textual__r1,/Users/silveregangloff/Desktop/graphical-reasoning/experiments/false_claim/results/1985_B5__true__forced_textual__r1/prompt.md,correct,"\sqrt{\pi/a}\,e^{-2a}",,,
study5,1993_A1__true__forced_visual__r1,/Users/silveregangloff/Desktop/graphical-reasoning/experiments/false_claim/results/1993_A1__true__forced_visual__r1,/Users/silveregangloff/Desktop/graphical-reasoning/experiments/false_claim/results/1993_A1__true__forced_visual__r1/prompt.md,correct,c = 4/9,,,
study5,1985_B5__true__forced_visual__r1,/Users/silveregangloff/Desktop/graphical-reasoning/experiments/false_claim/results/1985_B5__true__forced_visual__r1,/Users/silveregangloff/Desktop/graphical-reasoning/experiments/false_claim/results/1985_B5__true__forced_visual__r1/prompt.md,correct,"\sqrt{\pi/a}\, e^{-2a}",,,
study5,1985_B5__false__forced_visual__r1,/Users/silveregangloff/Desktop/graphical-reasoning/experiments/false_claim/results/1985_B5__false__forced_visual__r1,/Users/silveregangloff/Desktop/graphical-reasoning/experiments/false_claim/results/1985_B5__false__forced_visual__r1/prompt.md,,,,,
study5,1996_B2__false__forced_textual__r0,/Users/silveregangloff/Desktop/graphical-reasoning/experiments/false_claim/results/1996_B2__false__forced_textual__r0,/Users/silveregangloff/Desktop/graphical-reasoning/experiments/false_claim/results/1996_B2__false__forced_textual__r0/prompt.md,incorrect,((2n-1)/e)^((2n-1)/2) < 1·3·5···(2n-1) < ((2n+1)/e)^((2n+1)/2),,,
study5,1993_A1__true__forced_reflection__r0,/Users/silveregangloff/Desktop/graphical-reasoning/experiments/false_claim/results/1993_A1__true__forced_reflection__r0,/Users/silveregangloff/Desktop/graphical-reasoning/experiments/false_claim/results/1993_A1__true__forced_reflection__r0/prompt.md,correct,c = 4/9,,,
study5,1985_B5__false__forced_textual__r1,/Users/silveregangloff/Desktop/graphical-reasoning/experiments/false_claim/results/1985_B5__false__forced_textual__r1,/Users/silveregangloff/Desktop/graphical-reasoning/experiments/false_claim/results/1985_B5__false__forced_textual__r1/prompt.md,incorrect,"\sqrt{\pi/a}\,e^{-2a}",,,
study5,1991_A5__true__forced_reflection__r0,/Users/silveregangloff/Desktop/graphical-reasoning/experiments/false_claim/results/1991_A5__true__forced_reflection__r0,/Users/silveregangloff/Desktop/graphical-reasoning/experiments/false_claim/results/1991_A5__true__forced_reflection__r0/prompt.md,correct,1/3,,,
study5,1991_A5__false__forced_reflection__r1,/Users/silveregangloff/Desktop/graphical-reasoning/experiments/false_claim/results/1991_A5__false__forced_reflection__r1,/Users/silveregangloff/Desktop/graphical-reasoning/experiments/false_claim/results/1991_A5__false__forced_reflection__r1/prompt.md,incorrect,1/3,,,
study5,1991_A5__true__forced_visual__r1,/Users/silveregangloff/Desktop/graphical-reasoning/experiments/false_claim/results/1991_A5__true__forced_visual__r1,/Users/silveregangloff/Desktop/graphical-reasoning/experiments/false_claim/results/1991_A5__true__forced_visual__r1/prompt.md,correct,1/3,,,
study5,1991_A5__false__forced_visual__r0,/Users/silveregangloff/Desktop/graphical-reasoning/experiments/false_claim/results/1991_A5__false__forced_visual__r0,/Users/silveregangloff/Desktop/graphical-reasoning/experiments/false_claim/results/1991_A5__false__forced_visual__r0/prompt.md,incorrect,1/3,,,
study5,1993_A1__false__forced_visual__r0,/Users/silveregangloff/Desktop/graphical-reasoning/experiments/false_claim/results/1993_A1__false__forced_visual__r0,/Users/silveregangloff/Desktop/graphical-reasoning/experiments/false_claim/results/1993_A1__false__forced_visual__r0/prompt.md,incorrect,c = 4/9,,,
study5,1993_A1__true__forced_visual__r0,/Users/silveregangloff/Desktop/graphical-reasoning/experiments/false_claim/results/1993_A1__true__forced_visual__r0,/Users/silveregangloff/Desktop/graphical-reasoning/experiments/false_claim/results/1993_A1__true__forced_visual__r0/prompt.md,correct,c = 4/9,,,
study5,1985_B5__true__forced_reflection__r1,/Users/silveregangloff/Desktop/graphical-reasoning/experiments/false_claim/results/1985_B5__true__forced_reflection__r1,/Users/silveregangloff/Desktop/graphical-reasoning/experiments/false_claim/results/1985_B5__true__forced_reflection__r1/prompt.md,correct,"\sqrt{\pi/a}\,e^{-2a}",,,
study5,1985_B5__false__forced_reflection__r0,/Users/silveregangloff/Desktop/graphical-reasoning/experiments/false_claim/results/1985_B5__false__forced_reflection__r0,/Users/silveregangloff/Desktop/graphical-reasoning/experiments/false_claim/results/1985_B5__false__forced_reflection__r0/prompt.md,incorrect,"\sqrt{\pi/a}\,e^{-2a}",,,
study5,1991_A5__true__forced_textual__r1,/Users/silveregangloff/Desktop/graphical-reasoning/experiments/false_claim/results/1991_A5__true__forced_textual__r1,/Users/silveregangloff/Desktop/graphical-reasoning/experiments/false_claim/results/1991_A5__true__forced_textual__r1/prompt.md,correct,1/3,,,
study5,1985_B5__true__forced_reflection__r0,/Users/silveregangloff/Desktop/graphical-reasoning/experiments/false_claim/results/1985_B5__true__forced_reflection__r0,/Users/silveregangloff/Desktop/graphical-reasoning/experiments/false_claim/results/1985_B5__true__forced_reflection__r0/prompt.md,correct,"\sqrt{\pi/a}\,e^{-2a}",,,
study5,1996_B2__false__forced_reflection__r0,/Users/silveregangloff/Desktop/graphical-reasoning/experiments/false_claim/results/1996_B2__false__forced_reflection__r0,/Users/silveregangloff/Desktop/graphical-reasoning/experiments/false_claim/results/1996_B2__false__forced_reflection__r0/prompt.md,,,,,
